drug,model_type,n_features,n_samples,auroc,auprc,precision,recall,f1,cv_mean,cv_std
AMX,Mutations_Only,827,1089,0.7415873854827344,0.8169599332451891,0.8229166666666666,0.5984848484848485,0.6929824561403509,0.6862158331047022,0.021463949431096186
AMC,Mutations_Only,827,1089,0.7065359477124183,0.5452803627358576,0.45544554455445546,0.7076923076923077,0.5542168674698795,0.7106496255722263,0.02492207652713929
CIP,Mutations_Only,827,1089,0.9723748473748474,0.9583868147404059,1.0,0.9166666666666666,0.9565217391304348,0.9796880740250906,0.005369850580794256
