drug,model_type,n_features,n_tier2,n_novel,n_samples,auroc,auprc,precision,recall,f1,cv_mean,cv_std,tier2_contribution,novel_contribution
AMX,Tier3 with Decorrelated Datasets,1415,1236,179,1089,0.9359584214235377,0.9673872097688575,0.9655172413793104,0.8484848484848485,0.9032258064516129,0.9459160439832373,0.004816890308236978,0.6966981,0.30330187
AMC,Tier3 with Decorrelated Datasets,1354,1236,118,1089,0.8891905480140775,0.7774903080756185,0.6172839506172839,0.7692307692307693,0.684931506849315,0.8575180598555212,0.02369284695993357,0.7039402,0.29605982
CIP,Tier3 with Decorrelated Datasets,1324,1236,88,1089,0.9731379731379732,0.9592088081671415,0.9705882352941176,0.9166666666666666,0.9428571428571428,0.9785021011540348,0.004227175486716878,0.856261,0.14373903
