drug,model_type,n_features,n_tier2_plus_t1b,n_novel,n_samples,auroc,auprc,precision,recall,f1,cv_mean,cv_std,tier2_plus_t1b_contribution,novel_contribution
AMX,Tier3_T2+T1B_Novel,1773,1286,487,1089,0.9265327695560254,0.9634497956263802,0.9491525423728814,0.8484848484848485,0.896,0.9447421579544782,0.006055870360036844,0.6136822,0.3863178
AMC,Tier3_T2+T1B_Novel,1773,1286,487,1089,0.8830568124685771,0.7536968238369881,0.631578947368421,0.7384615384615385,0.6808510638297872,0.8534620676880739,0.01944865382313876,0.586841,0.41315898
CIP,Tier3_T2+T1B_Novel,1775,1286,489,1089,0.9624542124542125,0.9527100328788268,0.9705882352941176,0.9166666666666666,0.9428571428571428,0.9789131840236813,0.0038453799600312254,0.7252604,0.27473953
