drug,model_type,n_features,n_tier2,n_novel,n_samples,auroc,auprc,precision,recall,f1,cv_mean,cv_std,tier2_contribution,novel_contribution
AMX,Tier2_plus_Tier1B,1286,1286,0,1089,0.9311134601832276,0.9656736914729271,0.9736842105263158,0.8409090909090909,0.9024390243902439,0.9467067712452053,0.006225071717186863,1.0,0.0
AMC,Tier2_plus_Tier1B,1286,1286,0,1650,0.7966304347826088,0.6316232012013838,0.5652173913043478,0.65,0.6046511627906976,0.7979482063737036,0.01939837193443426,1.0,0.0
CIP,Tier2_plus_Tier1B,1286,1286,0,1650,0.9419142980189492,0.8545993952346455,0.7702702702702703,0.7916666666666666,0.7808219178082192,0.9495766431116905,0.012414190206765551,1.0,0.0
